﻿<?xml version="1.0" encoding="UTF-8"?>
<alm-phone-list>
	<phone-entry>
		<langid>0</langid>
		<region>$$$/alm/phone_list/argentina</region>
		<phone1>$$$/alm/phone_list/argentina/toll_free</phone1>
		<phone2>$$$/alm/phone_list/argentina/local</phone2>
	</phone-entry>
	<phone-entry>
		<langid>0</langid>
		<region>$$$/alm/phone_list/australia</region>
		<phone1>$$$/alm/phone_list/australia/toll_free</phone1>
		<phone2>$$$/alm/phone_list/australia/local</phone2>
	</phone-entry>
	<phone-entry>
		<langid>0</langid>
		<region>$$$/alm/phone_list/austria</region>
		<phone1>$$$/alm/phone_list/austria/toll_free</phone1>
		<phone2>$$$/alm/phone_list/austria/local</phone2>
	</phone-entry>
	<phone-entry>
		<langid>0</langid>
		<region>$$$/alm/phone_list/barbados</region>
		<phone1>$$$/alm/phone_list/barbados/toll_free</phone1>
		<phone2>$$$/alm/phone_list/barbados/local</phone2>
	</phone-entry>
	<phone-entry>
		<langid>0</langid>
		<region>$$$/alm/phone_list/belgium</region>
		<phone1>$$$/alm/phone_list/belgium/toll_free</phone1>
		<phone2>$$$/alm/phone_list/belgium/local</phone2>
	</phone-entry>
	<phone-entry>
		<langid>0</langid>
		<region>$$$/alm/phone_list/bolivia</region>
		<phone1>$$$/alm/phone_list/bolivia/toll_free</phone1>
		<phone2>$$$/alm/phone_list/bolivia/local</phone2>
	</phone-entry>
	<phone-entry>
		<langid>pt_BR</langid>
		<region>$$$/alm/phone_list/brazil</region>
		<phone1>$$$/alm/phone_list/brazil/toll_free</phone1>
		<phone2>$$$/alm/phone_list/brazil/local</phone2>
	</phone-entry>
	<phone-entry>
		<langid>en_US</langid>
		<region>$$$/alm/phone_list/canada</region>
		<phone1>$$$/alm/phone_list/canada/toll_free</phone1>
		<phone2>$$$/alm/phone_list/canada/local</phone2>
	</phone-entry>
	<phone-entry>
		<langid>0</langid>
		<region>$$$/alm/phone_list/chile</region>
		<phone1>$$$/alm/phone_list/chile/toll_free</phone1>
		<phone2>$$$/alm/phone_list/chile/local</phone2>
	</phone-entry>
	<phone-entry>
		<langid>zh_CN</langid>
		<region>$$$/alm/phone_list/china</region>
		<phone1>$$$/alm/phone_list/china/toll_free</phone1>
		<phone2>$$$/alm/phone_list/china/local</phone2>
	</phone-entry>
	<phone-entry>
		<langid>0</langid>
		<region>$$$/alm/phone_list/colombia</region>
		<phone1>$$$/alm/phone_list/colombia/toll_free</phone1>
		<phone2>$$$/alm/phone_list/colombia/local</phone2>
	</phone-entry>
	<phone-entry>
		<langid>0</langid>
		<region>$$$/alm/phone_list/costa_rica</region>
		<phone1>$$$/alm/phone_list/costa_rica/toll_free</phone1>
		<phone2>$$$/alm/phone_list/costa_rica/local</phone2>
	</phone-entry>
	<phone-entry>
		<langid>28</langid>
		<region>$$$/alm/phone_list/croatia</region>
		<phone1>$$$/alm/phone_list/croatia/toll_free</phone1>
		<phone2>$$$/alm/phone_list/croatia/local</phone2>
	</phone-entry>
	<phone-entry>
		<langid>6</langid>
		<region>$$$/alm/phone_list/czech_republic</region>
		<phone1>$$$/alm/phone_list/czech_republic/toll_free</phone1>
		<phone2>$$$/alm/phone_list/czech_republic/local</phone2>
	</phone-entry>
	<phone-entry>
		<langid>7</langid>
		<region>$$$/alm/phone_list/denmark</region>
		<phone1>$$$/alm/phone_list/denmark/toll_free</phone1>
		<phone2>$$$/alm/phone_list/denmark/local</phone2>
	</phone-entry>
	<phone-entry>
		<langid>0</langid>
		<region>$$$/alm/phone_list/dominican_republic</region>
		<phone1>$$$/alm/phone_list/dominican_republic/toll_free</phone1>
		<phone2>$$$/alm/phone_list/dominican_republic/local</phone2>
	</phone-entry>
	<phone-entry>
		<langid>0</langid>
		<region>$$$/alm/phone_list/ecuador</region>
		<phone1>$$$/alm/phone_list/ecuador/toll_free</phone1>
		<phone2>$$$/alm/phone_list/ecuador/local</phone2>
	</phone-entry>
	<phone-entry>
		<langid>0</langid>
		<region>$$$/alm/phone_list/egypt</region>
		<phone1>$$$/alm/phone_list/egypt/toll_free</phone1>
		<phone2>$$$/alm/phone_list/egypt/local</phone2>
	</phone-entry>
	<phone-entry>
		<langid>0</langid>
		<region>$$$/alm/phone_list/estonia</region>
		<phone1>$$$/alm/phone_list/estonia/toll_free</phone1>
		<phone2>$$$/alm/phone_list/estonia/local</phone2>
	</phone-entry>
	<phone-entry>
		<langid>13</langid>
		<region>$$$/alm/phone_list/finland</region>
		<phone1>$$$/alm/phone_list/finland/toll_free</phone1>
		<phone2>$$$/alm/phone_list/finland/local</phone2>
	</phone-entry>
	<phone-entry>
		<langid>14</langid>
		<region>$$$/alm/phone_list/france</region>
		<phone1>$$$/alm/phone_list/france/toll_free</phone1>
		<phone2>$$$/alm/phone_list/france/local</phone2>
	</phone-entry>
	<phone-entry>
		<langid>17</langid>
		<region>$$$/alm/phone_list/germany</region>
		<phone1>$$$/alm/phone_list/germany/toll_free</phone1>
		<phone2>$$$/alm/phone_list/germany/local</phone2>
	</phone-entry>
	<phone-entry>
		<langid>16</langid>
		<region>$$$/alm/phone_list/greece</region>
		<phone1>$$$/alm/phone_list/greece/toll_free</phone1>
		<phone2>$$$/alm/phone_list/greece/local</phone2>
	</phone-entry>
	<phone-entry>
		<langid>0</langid>
		<region>$$$/alm/phone_list/guatemala</region>
		<phone1>$$$/alm/phone_list/guatemala/toll_free</phone1>
		<phone2>$$$/alm/phone_list/guatemala/local</phone2>
	</phone-entry>
	<phone-entry>
		<langid>0</langid>
		<region>$$$/alm/phone_list/honduras</region>
		<phone1>$$$/alm/phone_list/honduras/toll_free</phone1>
		<phone2>$$$/alm/phone_list/honduras/local</phone2>
	</phone-entry>
	<phone-entry>
		<langid>0</langid>
		<region>$$$/alm/phone_list/hong_kong</region>
		<phone1>$$$/alm/phone_list/hong_kong/toll_free</phone1>
		<phone2>$$$/alm/phone_list/hong_kong/local</phone2>
	</phone-entry>
	<phone-entry>
		<langid>19</langid>
		<region>$$$/alm/phone_list/hungary</region>
		<phone1>$$$/alm/phone_list/hungary/toll_free</phone1>
		<phone2>$$$/alm/phone_list/hungary/local</phone2>
	</phone-entry>
	<phone-entry>
		<langid>0</langid>
		<region>$$$/alm/phone_list/iceland</region>
		<phone1>$$$/alm/phone_list/iceland/toll_free</phone1>
		<phone2>$$$/alm/phone_list/iceland/local</phone2>
	</phone-entry>
	<phone-entry>
		<langid>0</langid>
		<region>$$$/alm/phone_list/india</region>
		<phone1>$$$/alm/phone_list/india/toll_free</phone1>
		<phone2>$$$/alm/phone_list/india/local</phone2>
	</phone-entry>
	<phone-entry>
		<langid>0</langid>
		<region>$$$/alm/phone_list/indonesia</region>
		<phone1>$$$/alm/phone_list/indonesia/toll_free</phone1>
		<phone2>$$$/alm/phone_list/indonesia/local</phone2>
	</phone-entry>
	<phone-entry>
		<langid>0</langid>
		<region>$$$/alm/phone_list/ireland</region>
		<phone1>$$$/alm/phone_list/ireland/toll_free</phone1>
		<phone2>$$$/alm/phone_list/ireland/local</phone2>
	</phone-entry>
	<phone-entry>
		<langid>18</langid>
		<region>$$$/alm/phone_list/israel</region>
		<phone1>$$$/alm/phone_list/israel/toll_free</phone1>
		<phone2>$$$/alm/phone_list/israel/local</phone2>
	</phone-entry>
	<phone-entry>
		<langid>20</langid>
		<region>$$$/alm/phone_list/italy</region>
		<phone1>$$$/alm/phone_list/italy/toll_free</phone1>
		<phone2>$$$/alm/phone_list/italy/local</phone2>
	</phone-entry>
	<phone-entry>
		<langid>0</langid>
		<region>$$$/alm/phone_list/jamaica</region>
		<phone1>$$$/alm/phone_list/jamaica/toll_free</phone1>
		<phone2>$$$/alm/phone_list/jamaica/local</phone2>
	</phone-entry>
	<phone-entry>
		<langid>21</langid>
		<region>$$$/alm/phone_list/japan</region>
		<phone1>$$$/alm/phone_list/japan/toll_free</phone1>
		<phone2>$$$/alm/phone_list/japan/local</phone2>
	</phone-entry>
	<phone-entry>
		<langid>0</langid>
		<region>$$$/alm/phone_list/kazakhstan</region>
		<phone1>$$$/alm/phone_list/kazakhstan/toll_free</phone1>
		<phone2>$$$/alm/phone_list/kazakhstan/local</phone2>
	</phone-entry>
	<phone-entry>
		<langid>22</langid>
		<region>$$$/alm/phone_list/korea_republic_of</region>
		<phone1>$$$/alm/phone_list/korea_republic_of/toll_free</phone1>
		<phone2>$$$/alm/phone_list/korea_republic_of/local</phone2>
	</phone-entry>
	<phone-entry>
		<langid>0</langid>
		<region>$$$/alm/phone_list/luxembourg</region>
		<phone1>$$$/alm/phone_list/luxembourg/toll_free</phone1>
		<phone2>$$$/alm/phone_list/luxembourg/local</phone2>
	</phone-entry>
	<phone-entry>
		<langid>0</langid>
		<region>$$$/alm/phone_list/malaysia</region>
		<phone1>$$$/alm/phone_list/malaysia/toll_free</phone1>
		<phone2>$$$/alm/phone_list/malaysia/local</phone2>
	</phone-entry>
	<phone-entry>
		<langid>31</langid>
		<region>$$$/alm/phone_list/mexico</region>
		<phone1>$$$/alm/phone_list/mexico/toll_free</phone1>
		<phone2>$$$/alm/phone_list/mexico/local</phone2>
	</phone-entry>
	<phone-entry>
		<langid>0</langid>
		<region>$$$/alm/phone_list/monaco</region>
		<phone1>$$$/alm/phone_list/monaco/toll_free</phone1>
		<phone2>$$$/alm/phone_list/monaco/local</phone2>
	</phone-entry>
	<phone-entry>
		<langid>8</langid>
		<region>$$$/alm/phone_list/netherlands</region>
		<phone1>$$$/alm/phone_list/netherlands/toll_free</phone1>
		<phone2>$$$/alm/phone_list/netherlands/local</phone2>
	</phone-entry>
	<phone-entry>
		<langid>0</langid>
		<region>$$$/alm/phone_list/new_zealand</region>
		<phone1>$$$/alm/phone_list/new_zealand/toll_free</phone1>
		<phone2>$$$/alm/phone_list/new_zealand/local</phone2>
	</phone-entry>
	<phone-entry>
		<langid>23</langid>
		<region>$$$/alm/phone_list/norway</region>
		<phone1>$$$/alm/phone_list/norway/toll_free</phone1>
		<phone2>$$$/alm/phone_list/norway/local</phone2>
	</phone-entry>
	<phone-entry>
		<langid>0</langid>
		<region>$$$/alm/phone_list/panama</region>
		<phone1>$$$/alm/phone_list/panama/toll_free</phone1>
		<phone2>$$$/alm/phone_list/panama/local</phone2>
	</phone-entry>
	<phone-entry>
		<langid>0</langid>
		<region>$$$/alm/phone_list/paraguay</region>
		<phone1>$$$/alm/phone_list/paraguay/toll_free</phone1>
		<phone2>$$$/alm/phone_list/paraguay/local</phone2>
	</phone-entry>
	<phone-entry>
		<langid>0</langid>
		<region>$$$/alm/phone_list/peru</region>
		<phone1>$$$/alm/phone_list/peru/toll_free</phone1>
		<phone2>$$$/alm/phone_list/peru/local</phone2>
	</phone-entry>
	<phone-entry>
		<langid>0</langid>
		<region>$$$/alm/phone_list/philippines</region>
		<phone1>$$$/alm/phone_list/philippines/toll_free</phone1>
		<phone2>$$$/alm/phone_list/philippines/local</phone2>
	</phone-entry>
	<phone-entry>
		<langid>24</langid>
		<region>$$$/alm/phone_list/poland</region>
		<phone1>$$$/alm/phone_list/poland/toll_free</phone1>
		<phone2>$$$/alm/phone_list/poland/local</phone2>
	</phone-entry>
	<phone-entry>
		<langid>0</langid>
		<region>$$$/alm/phone_list/portugal</region>
		<phone1>$$$/alm/phone_list/portugal/toll_free</phone1>
		<phone2>$$$/alm/phone_list/portugal/local</phone2>
	</phone-entry>
	<phone-entry>
		<langid>0</langid>
		<region>$$$/alm/phone_list/puerto_rico</region>
		<phone1>$$$/alm/phone_list/puerto_rico/toll_free</phone1>
		<phone2>$$$/alm/phone_list/puerto_rico/local</phone2>
	</phone-entry>
	<phone-entry>
		<langid>26</langid>
		<region>$$$/alm/phone_list/romania</region>
		<phone1>$$$/alm/phone_list/romania/toll_free</phone1>
		<phone2>$$$/alm/phone_list/romania/local</phone2>
	</phone-entry>
	<phone-entry>
		<langid>27</langid>
		<region>$$$/alm/phone_list/russian_federation</region>
		<phone1>$$$/alm/phone_list/russian_federation/toll_free</phone1>
		<phone2>$$$/alm/phone_list/russian_federation/local</phone2>
	</phone-entry>
	<phone-entry>
		<langid>0</langid>
		<region>$$$/alm/phone_list/saudi_arabia</region>
		<phone1>$$$/alm/phone_list/saudi_arabia/toll_free</phone1>
		<phone2>$$$/alm/phone_list/saudi_arabia/local</phone2>
	</phone-entry>
	<phone-entry>
		<langid>0</langid>
		<region>$$$/alm/phone_list/singapore</region>
		<phone1>$$$/alm/phone_list/singapore/toll_free</phone1>
		<phone2>$$$/alm/phone_list/singapore/local</phone2>
	</phone-entry>
	<phone-entry>
		<langid>29</langid>
		<region>$$$/alm/phone_list/slovenia</region>
		<phone1>$$$/alm/phone_list/slovenia/toll_free</phone1>
		<phone2>$$$/alm/phone_list/slovenia/local</phone2>
	</phone-entry>
	<phone-entry>
		<langid>0</langid>
		<region>$$$/alm/phone_list/south_africa</region>
		<phone1>$$$/alm/phone_list/south_africa/toll_free</phone1>
		<phone2>$$$/alm/phone_list/south_africa/local</phone2>
	</phone-entry>
	<phone-entry>
		<langid>30</langid>
		<region>$$$/alm/phone_list/spain</region>
		<phone1>$$$/alm/phone_list/spain/toll_free</phone1>
		<phone2>$$$/alm/phone_list/spain/local</phone2>
	</phone-entry>
	<phone-entry>
		<langid>32</langid>
		<region>$$$/alm/phone_list/sweden</region>
		<phone1>$$$/alm/phone_list/sweden/toll_free</phone1>
		<phone2>$$$/alm/phone_list/sweden/local</phone2>
	</phone-entry>
	<phone-entry>
		<langid>0</langid>
		<region>$$$/alm/phone_list/switzerland</region>
		<phone1>$$$/alm/phone_list/switzerland/toll_free</phone1>
		<phone2>$$$/alm/phone_list/switzerland/local</phone2>
	</phone-entry>
	<phone-entry>
		<langid>5</langid>
		<region>$$$/alm/phone_list/taiwan</region>
		<phone1>$$$/alm/phone_list/taiwan/toll_free</phone1>
		<phone2>$$$/alm/phone_list/taiwan/local</phone2>
	</phone-entry>
	<phone-entry>
		<langid>0</langid>
		<region>$$$/alm/phone_list/thailand</region>
		<phone1>$$$/alm/phone_list/thailand/toll_free</phone1>
		<phone2>$$$/alm/phone_list/thailand/local</phone2>
	</phone-entry>
	<phone-entry>
		<langid>34</langid>
		<region>$$$/alm/phone_list/turkey</region>
		<phone1>$$$/alm/phone_list/turkey/toll_free</phone1>
		<phone2>$$$/alm/phone_list/turkey/local</phone2>
	</phone-entry>
	<phone-entry>
		<langid>2</langid>
		<region>$$$/alm/phone_list/united_arab_emirates</region>
		<phone1>$$$/alm/phone_list/united_arab_emirates/toll_free</phone1>
		<phone2>$$$/alm/phone_list/united_arab_emirates/local</phone2>
	</phone-entry>
	<phone-entry>
		<langid>9</langid>
		<region>$$$/alm/phone_list/united_kingdom</region>
		<phone1>$$$/alm/phone_list/united_kingdom/toll_free</phone1>
		<phone2>$$$/alm/phone_list/united_kingdom/local</phone2>
	</phone-entry>
	<phone-entry>
		<langid>en_US</langid>
		<region>$$$/alm/phone_list/united_states</region>
		<phone1>$$$/alm/phone_list/united_states/toll_free</phone1>
		<phone2>$$$/alm/phone_list/united_states/local</phone2>
	</phone-entry>
	<phone-entry>
		<langid>0</langid>
		<region>$$$/alm/phone_list/uruguay</region>
		<phone1>$$$/alm/phone_list/uruguay/toll_free</phone1>
		<phone2>$$$/alm/phone_list/uruguay/local</phone2>
	</phone-entry>
	<phone-entry>
		<langid>0</langid>
		<region>$$$/alm/phone_list/venezuela</region>
		<phone1>$$$/alm/phone_list/venezuela/toll_free</phone1>
		<phone2>$$$/alm/phone_list/venezuela/local</phone2>
	</phone-entry>
</alm-phone-list>
