﻿<ALM_PRIVACY_INFO>
	<LANGUAGE_INFO>
		<LANGID>da_DK</LANGID>
		<LANGNAME>Dansk</LANGNAME>
		<LANG_GRP_ID>1</LANG_GRP_ID>
		<FILE_NAME>ActivationInformationDan</FILE_NAME>
    <SEQ_ID>14</SEQ_ID>
	</LANGUAGE_INFO>
	<LANGUAGE_INFO>
		<LANGID>de_DE</LANGID>
		<LANGNAME>Deutsch</LANGNAME>
		<LANG_GRP_ID>1</LANG_GRP_ID>
		<FILE_NAME>ActivationInformationDeu</FILE_NAME>
    <SEQ_ID>21</SEQ_ID>
	</LANGUAGE_INFO>
	<LANGUAGE_INFO>
		<LANGID>es_ES</LANGID>
		<LANGNAME>Español</LANGNAME>
		<LANG_GRP_ID>1</LANG_GRP_ID>
		<FILE_NAME>ActivationInformationSpa</FILE_NAME>
    <SEQ_ID>57</SEQ_ID>
	</LANGUAGE_INFO>
  <LANGUAGE_INFO>
    <LANGID>fr_FR</LANGID>
    <LANGNAME>Français</LANGNAME>
    <LANG_GRP_ID>1</LANG_GRP_ID>
    <FILE_NAME>ActivationInformationFra</FILE_NAME>
    <SEQ_ID>20</SEQ_ID>
  </LANGUAGE_INFO>
  <LANGUAGE_INFO>
    <LANGID>it_IT</LANGID>
    <LANGNAME>Italiano</LANGNAME>
    <LANG_GRP_ID>1</LANG_GRP_ID>
    <FILE_NAME>ActivationInformationIta</FILE_NAME>
    <SEQ_ID>32</SEQ_ID>
  </LANGUAGE_INFO>
  <LANGUAGE_INFO>
    <LANGID>nl_NL</LANGID>
    <LANGNAME>Nederlands</LANGNAME>
    <LANG_GRP_ID>1</LANG_GRP_ID>
    <FILE_NAME>ActivationInformationDut</FILE_NAME>
    <SEQ_ID>41</SEQ_ID>
  </LANGUAGE_INFO>
  <LANGUAGE_INFO>
    <LANGID>nb_NO</LANGID>
    <LANGNAME>Norsk</LANGNAME>
    <LANG_GRP_ID>1</LANG_GRP_ID>
    <FILE_NAME>ActivationInformationNor</FILE_NAME>
    <SEQ_ID>43</SEQ_ID>
  </LANGUAGE_INFO>
  <LANGUAGE_INFO>
    <LANGID>pt_BR</LANGID>
    <LANGNAME>Português do Brasil</LANGNAME>
    <LANG_GRP_ID>1</LANG_GRP_ID>
    <FILE_NAME>ActivationInformationPtb</FILE_NAME>
    <SEQ_ID>6</SEQ_ID>
  </LANGUAGE_INFO>
  <LANGUAGE_INFO>
    <LANGID>fi_FI</LANGID>
    <LANGNAME>Suomi</LANGNAME>
    <LANG_GRP_ID>1</LANG_GRP_ID>
    <FILE_NAME>ActivationInformationFin</FILE_NAME>
    <SEQ_ID>19</SEQ_ID>
  </LANGUAGE_INFO>
  <LANGUAGE_INFO>
    <LANGID>sv_SE</LANGID>
    <LANGNAME>Svenska</LANGNAME>
    <LANG_GRP_ID>1</LANG_GRP_ID>
    <FILE_NAME>ActivationInformationSve</FILE_NAME>
    <SEQ_ID>58</SEQ_ID>
  </LANGUAGE_INFO>
  <LANGUAGE_INFO>
    <LANGID>en_GB</LANGID>
    <LANGNAME>International English</LANGNAME>
    <LANG_GRP_ID>1</LANG_GRP_ID>
    <FILE_NAME>ActivationInformationEng</FILE_NAME>
    <SEQ_ID>64</SEQ_ID>
  </LANGUAGE_INFO>
  <LANGUAGE_INFO>
    <LANGID>en_US</LANGID>
    <LANGNAME>English</LANGNAME>
    <LANG_GRP_ID>1</LANG_GRP_ID>
    <FILE_NAME>ActivationInformationEnu</FILE_NAME>
    <SEQ_ID>65</SEQ_ID>
  </LANGUAGE_INFO>
  <LANGUAGE_INFO>
    <LANGID>zh_CN</LANGID>
    <LANGNAME>简体中文</LANGNAME>
    <LANG_GRP_ID>10</LANG_GRP_ID>
    <FILE_NAME>ActivationInformationChs</FILE_NAME>
    <SEQ_ID>9</SEQ_ID>
  </LANGUAGE_INFO>
  <LANGUAGE_INFO>
    <LANGID>ja_JP</LANGID>
    <LANGNAME>日本語</LANGNAME>
    <LANG_GRP_ID>7</LANG_GRP_ID>
    <FILE_NAME>ActivationInformationJpn</FILE_NAME>
    <SEQ_ID>34</SEQ_ID>
  </LANGUAGE_INFO>
  <LANGUAGE_INFO>
    <LANGID>ko_KR</LANGID>
    <LANGNAME>한글</LANGNAME>
    <LANG_GRP_ID>8</LANG_GRP_ID>
    <FILE_NAME>ActivationInformationKor</FILE_NAME>
    <SEQ_ID>36</SEQ_ID>
  </LANGUAGE_INFO>
  <LANGUAGE_INFO>
    <LANGID>zh_TW</LANGID>
    <LANGNAME>繁體中文</LANGNAME>
    <LANG_GRP_ID>9</LANG_GRP_ID>
    <FILE_NAME>ActivationInformationCht</FILE_NAME>
    <SEQ_ID>60</SEQ_ID>
  </LANGUAGE_INFO> 
  <LANGUAGE_INFO>
    <LANGID>ar_AE</LANGID>
    <LANGNAME>العربية</LANGNAME>
    <LANG_GRP_ID>13</LANG_GRP_ID>
    <FILE_NAME>ActivationInformationARA</FILE_NAME>
    <SEQ_ID>53</SEQ_ID>
  </LANGUAGE_INFO>
  <LANGUAGE_INFO>
    <LANGID>cs_CZ</LANGID>
    <LANGNAME>Český</LANGNAME>
    <LANG_GRP_ID>2</LANG_GRP_ID>
    <FILE_NAME>ActivationInformationCZE</FILE_NAME>
    <SEQ_ID>13</SEQ_ID>
  </LANGUAGE_INFO>
  <LANGUAGE_INFO>
    <LANGID>el_GR</LANGID>
    <LANGNAME>Ελληνικά</LANGNAME>
    <LANG_GRP_ID>4</LANG_GRP_ID>
    <FILE_NAME>ActivationInformationGRE</FILE_NAME>
    <SEQ_ID>22</SEQ_ID>
  </LANGUAGE_INFO>
  <LANGUAGE_INFO>
    <LANGID>he_IL</LANGID>
    <LANGNAME>עברית</LANGNAME>
    <LANG_GRP_ID>12</LANG_GRP_ID>
    <FILE_NAME>ActivationInformationHEB</FILE_NAME>
    <SEQ_ID>31</SEQ_ID>
  </LANGUAGE_INFO>
  <LANGUAGE_INFO>
    <LANGID>hu_HU</LANGID>
    <LANGNAME>Magyar</LANGNAME>
    <LANG_GRP_ID>2</LANG_GRP_ID>
    <FILE_NAME>ActivationInformationHUN</FILE_NAME>
    <SEQ_ID>26</SEQ_ID>
  </LANGUAGE_INFO>
  <LANGUAGE_INFO>
    <LANGID>pl_PL</LANGID>
    <LANGNAME>Polski</LANGNAME>
    <LANG_GRP_ID>2</LANG_GRP_ID>
    <FILE_NAME>ActivationInformationPOL</FILE_NAME>
    <SEQ_ID>48</SEQ_ID>
  </LANGUAGE_INFO>
  <LANGUAGE_INFO>
    <LANGID>ro_RO</LANGID>
    <LANGNAME>Română</LANGNAME>
    <LANG_GRP_ID>2</LANG_GRP_ID>
    <FILE_NAME>ActivationInformationRUM</FILE_NAME>
    <SEQ_ID>32</SEQ_ID>
  </LANGUAGE_INFO>
  <LANGUAGE_INFO>
    <LANGID>ru_RU</LANGID>
    <LANGNAME>Русский</LANGNAME>
    <LANG_GRP_ID>5</LANG_GRP_ID>
    <FILE_NAME>ActivationInformationRUS</FILE_NAME>
    <SEQ_ID>52</SEQ_ID>
  </LANGUAGE_INFO>
  <LANGUAGE_INFO>
    <LANGID>tr_TR</LANGID>
    <LANGNAME>Türkçe</LANGNAME>
    <LANG_GRP_ID>6</LANG_GRP_ID>
    <FILE_NAME>ActivationInformationTUR</FILE_NAME>
    <SEQ_ID>62</SEQ_ID>
  </LANGUAGE_INFO>
  <LANGUAGE_INFO>
    <LANGID>uk_UA</LANGID>
    <LANGNAME>Українська</LANGNAME>
    <LANG_GRP_ID>5</LANG_GRP_ID>
    <FILE_NAME>ActivationInformationUKR</FILE_NAME>
    <SEQ_ID>52</SEQ_ID>
  </LANGUAGE_INFO>
  <LANGUAGE_INFO>
    <LANGID>bg_BG</LANGID>
    <LANGNAME>Български</LANGNAME>
    <LANG_GRP_ID>5</LANG_GRP_ID>
    <FILE_NAME>ActivationInformationBGR</FILE_NAME>
    <SEQ_ID>52</SEQ_ID>
  </LANGUAGE_INFO>
  <LANGUAGE_INFO>
    <LANGID>hr_HR</LANGID>
    <LANGNAME>Hrvatski</LANGNAME>
    <LANG_GRP_ID>2</LANG_GRP_ID>
    <FILE_NAME>ActivationInformationHRV</FILE_NAME>
    <SEQ_ID>12</SEQ_ID>
  </LANGUAGE_INFO>
  <LANGUAGE_INFO>
    <LANGID>et_EE</LANGID>
    <LANGNAME>Eesti</LANGNAME>
    <LANG_GRP_ID>3</LANG_GRP_ID>
    <FILE_NAME>ActivationInformationETI</FILE_NAME>
    <SEQ_ID>18</SEQ_ID>
  </LANGUAGE_INFO>
  <LANGUAGE_INFO>
    <LANGID>lv_LV</LANGID>
    <LANGNAME>Latviešu</LANGNAME>
    <LANG_GRP_ID>3</LANG_GRP_ID>
    <FILE_NAME>ActivationInformationLVI</FILE_NAME>
    <SEQ_ID>52</SEQ_ID>
  </LANGUAGE_INFO>
  <LANGUAGE_INFO>
    <LANGID>lt_LT</LANGID>
    <LANGNAME>Lietuvių</LANGNAME>
    <LANG_GRP_ID>3</LANG_GRP_ID>
    <FILE_NAME>ActivationInformationLTH</FILE_NAME>
    <SEQ_ID>52</SEQ_ID>
  </LANGUAGE_INFO>
  <LANGUAGE_INFO>
    <LANGID>sk_SK</LANGID>
    <LANGNAME>Slovenský</LANGNAME>
    <LANG_GRP_ID>2</LANG_GRP_ID>
    <FILE_NAME>ActivationInformationSKY</FILE_NAME>
    <SEQ_ID>55</SEQ_ID>
  </LANGUAGE_INFO>
  <LANGUAGE_INFO>
    <LANGID>sl_SI</LANGID>
    <LANGNAME>Slovenščina</LANGNAME>
    <LANG_GRP_ID>2</LANG_GRP_ID>
    <FILE_NAME>ActivationInformationSLV</FILE_NAME>
    <SEQ_ID>55</SEQ_ID>
  </LANGUAGE_INFO>
</ALM_PRIVACY_INFO>