<?xml version='1.0' encoding='ISO-8859-1' ?>
<!-- $Revision: 1.0 $ $Date: 2006/03/08 00:23:25 $ -->

<toc version="1.0">
	<tocitem target="pstoolbox.html" image="$toolbox/matlab/icons/book_mat.gif">Photoshop Toolbox
		<tocitem target="psgetstarted.html" image="$toolbox/matlab/icons/greencircleicon.gif">Getting Started</tocitem>
		<tocitem target="psexamples.html" image="$toolbox/matlab/icons/demoicon.gif">Examples</tocitem>
		<tocitem target="psfunctionscat.html" image="$toolbox/matlab/icons/reficon.gif">Functions -- Categorical List</tocitem>
		<tocitem target="psfunctionsalpha.html" image="$toolbox/matlab/icons/reficon.gif">Functions -- Alphabetical List</tocitem>
		<tocitem target="http://www.adobe.com" image="$toolbox/matlab/icons/webicon.gif">Adobe Web Site</tocitem>
	</tocitem>
</toc>
